time/fps,time/episodes,rollout/ep_len_mean,rollout/exploration_rate,time/time_elapsed,time/total_timesteps,rollout/ep_rew_mean,train/loss,train/learning_rate,train/n_updates
66,4,8.25,0.9843249999999997,0,33,6.99305575,,,
61,8,9.5,0.9638999999999998,1,76,8.090277875,,,
62,12,10.5,0.9401500000000003,2,126,8.930555583333334,,,
63,16,10.5,0.9202000000000004,2,168,9.008680562499999,,,
63,20,9.85,0.9064249999999998,3,197,8.465277749999998,,,
61,24,9.708333333333334,0.8893249999999996,3,233,8.350694416666666,0.04049099609255791,0.0005,32
61,28,9.607142857142858,0.8722250000000004,4,269,8.279761857142857,0.058934979140758514,0.0005,68
60,32,9.53125,0.8551250000000001,5,305,8.24131940625,0.16863474249839783,0.0005,104
60,36,9.222222222222221,0.8423000000000005,5,332,7.987654305555556,0.04418397694826126,0.0005,131
60,40,9.2,0.8252000000000003,6,368,7.972916649999999,0.08506697416305542,0.0005,167
60,44,9.227272727272727,0.8071500000000001,6,406,7.989898977272727,0.22820420563220978,0.0005,205
60,48,9.25,0.7891,7,444,8.011574041666666,0.07989136129617691,0.0005,243
59,52,9.01923076923077,0.7772250000000003,7,469,7.817307634615383,0.10527318716049194,0.0005,268
59,56,8.910714285714286,0.7629749999999997,8,499,7.721230125,0.07333966344594955,0.0005,298
59,60,8.783333333333333,0.7496750000000001,8,527,7.611574033333333,0.12860819697380066,0.0005,326
59,64,8.875,0.7302000000000002,9,568,7.69444440625,0.06455905735492706,0.0005,367
59,68,9.102941176470589,0.7059749999999998,10,619,7.902369264705881,0.1695641577243805,0.0005,418
59,72,9.222222222222221,0.6846,11,664,8.003472208333335,0.0754321813583374,0.0005,463
59,76,9.276315789473685,0.665125,11,705,8.040570171052634,0.07003122568130493,0.0005,504
60,80,9.4375,0.6413750000000005,12,755,8.181597225,0.10682744532823563,0.0005,554
60,84,9.464285714285714,0.6223750000000005,13,795,8.199074071428571,0.0865117609500885,0.0005,594
59,88,9.693181818181818,0.5948250000000004,14,853,8.394886363636363,0.1536199003458023,0.0005,652
59,92,9.83695652173913,0.5701249999999999,15,905,8.51479468478261,0.04873410239815712,0.0005,704
59,96,10.03125,0.5425749999999998,16,963,8.6875,0.032056938856840134,0.0005,762
59,100,10.28,0.5117,17,1028,8.899999999999999,0.02906946837902069,0.0005,827
59,104,10.43,0.48890000000000045,17,1076,9.03333333,0.21239233016967773,0.0005,875
59,108,10.66,0.4575499999999997,19,1142,9.23527778,0.11673590540885925,0.0005,941
59,112,10.77,0.4285749999999997,20,1203,9.35000001,0.13189458847045898,0.0005,1002
59,116,10.97,0.39912499999999984,21,1265,9.51694445,0.22843512892723083,0.0005,1064
59,120,11.23,0.37299999999999955,22,1320,9.73333335,0.026645949110388756,0.0005,1119
59,124,11.53,0.3416499999999999,23,1386,9.98500003,0.1499345749616623,0.0005,1185
59,128,11.81,0.31125,24,1450,10.2230556,0.06270305067300797,0.0005,1249
59,132,12.07,0.28180000000000005,25,1512,10.44583338,0.07313263416290283,0.0005,1311
59,136,12.41,0.2528250000000001,26,1573,10.725000049999998,0.03443726897239685,0.0005,1372
59,140,12.71,0.22147500000000042,27,1639,10.978055609999998,0.07147892564535141,0.0005,1438
59,144,12.97,0.19107499999999955,28,1703,11.20583339,0.24410155415534973,0.0005,1502
59,148,13.22,0.16114999999999957,29,1766,11.41722229,0.10640184581279755,0.0005,1565
59,152,13.62,0.1302749999999998,30,1831,11.75027787,0.1234767958521843,0.0005,1630
59,156,13.97,0.09940000000000015,31,1896,12.04888897,0.16609545052051544,0.0005,1695
59,160,14.34,0.06852500000000039,33,1961,12.363611200000003,0.05676468461751938,0.0005,1760
59,164,14.59,0.05,34,2027,12.57500008,0.01739424280822277,0.0005,1826
59,168,14.74,0.05,35,2093,12.693333399999998,0.17984552681446075,0.0005,1892
59,172,14.94,0.05,36,2158,12.863888949999998,0.10475611686706543,0.0005,1957
59,176,15.19,0.05,37,2224,13.08416672,0.03212670236825943,0.0005,2023
59,180,15.33,0.05,38,2288,13.206111159999999,0.16812725365161896,0.0005,2087
59,184,15.57,0.05,39,2352,13.421944500000002,0.02022264339029789,0.0005,2151
59,188,15.63,0.05,40,2416,13.48194449,0.022003622725605965,0.0005,2215
59,192,15.75,0.05,41,2480,13.59416671,0.0067642079666256905,0.0005,2279
58,196,15.82,0.05,43,2545,13.649166709999998,0.22982573509216309,0.0005,2344
58,200,15.8,0.05,44,2608,13.638888929999998,0.014378839172422886,0.0005,2407
58,204,15.95,0.05,45,2671,13.77111115,0.11524318158626556,0.0005,2470
58,208,15.93,0.05,46,2735,13.754444480000002,0.14364229142665863,0.0005,2534
58,212,15.97,0.05,47,2800,13.78138891,0.07761313021183014,0.0005,2599
58,216,16.0,0.05,49,2865,13.80805558,0.09170830994844437,0.0005,2664
58,220,16.11,0.05,50,2931,13.911944469999998,0.07193019986152649,0.0005,2730
58,224,16.09,0.05,51,2995,13.90722223,0.07234366238117218,0.0005,2794
57,228,16.09,0.05,52,3059,13.910555550000002,0.05604114383459091,0.0005,2858
57,232,16.12,0.05,54,3124,13.936388879999999,0.05799045413732529,0.0005,2923
57,236,16.13,0.05,55,3186,13.96416664,0.041086193174123764,0.0005,2985
57,240,16.12,0.05,56,3251,13.959444419999997,0.06383354961872101,0.0005,3050
57,244,16.13,0.05,57,3316,13.966944419999997,0.15305443108081818,0.0005,3115
57,248,16.13,0.05,58,3379,13.974999969999999,0.10773396492004395,0.0005,3178
57,252,16.14,0.05,60,3445,13.9969444,0.09603997319936752,0.0005,3244
57,256,16.14,0.05,61,3510,14.005277730000003,0.052539627999067307,0.0005,3309
57,260,16.14,0.05,62,3575,14.01305551,0.04689010977745056,0.0005,3374
56,264,16.13,0.05,63,3640,14.00638885,0.11240605264902115,0.0005,3439
56,268,16.11,0.05,65,3704,13.998333300000002,0.05117832124233246,0.0005,3503
56,272,16.1,0.05,66,3768,13.996388860000001,0.1068238839507103,0.0005,3567
56,276,16.07,0.05,67,3831,13.97777775,0.06957043707370758,0.0005,3630
55,280,16.07,0.05,69,3895,13.978333309999996,0.17684070765972137,0.0005,3694
55,284,16.08,0.05,71,3960,13.98833331,0.14580591022968292,0.0005,3759
54,288,16.08,0.05,73,4024,13.98027777,0.04908387362957001,0.0005,3823
54,292,16.09,0.05,75,4089,13.9886111,0.07886610180139542,0.0005,3888
54,296,16.1,0.05,76,4155,13.998055540000001,0.01981261745095253,0.0005,3954
54,300,16.11,0.05,77,4219,14.008055539999997,0.11866052448749542,0.0005,4018
54,304,16.12,0.05,79,4283,14.019722209999998,0.07909350097179413,0.0005,4082
54,308,16.11,0.05,80,4346,14.020555550000001,0.10177914053201675,0.0005,4145
54,312,16.11,0.05,81,4411,14.023333339999999,0.023252569139003754,0.0005,4210
54,316,16.11,0.05,82,4476,14.023888900000001,0.015509645454585552,0.0005,4275
54,320,16.09,0.05,83,4540,14.012500009999998,0.08877315372228622,0.0005,4339
54,324,16.09,0.05,85,4604,14.01333335,0.04274735972285271,0.0005,4403
54,328,16.08,0.05,86,4667,14.005833359999999,0.07710541039705276,0.0005,4466
54,332,16.06,0.05,87,4730,13.986388920000001,0.03953429311513901,0.0005,4529
54,336,16.07,0.05,88,4793,13.98583338,0.04988701641559601,0.0005,4592
54,340,16.04,0.05,89,4855,13.97166671,0.1091797798871994,0.0005,4654
54,344,16.04,0.05,90,4920,13.98000003,0.02656678855419159,0.0005,4719
54,348,16.05,0.05,91,4984,13.99000003,0.08128611743450165,0.0005,4783
54,352,16.05,0.05,93,5050,13.991666709999999,0.07672540843486786,0.0005,4849
54,356,16.05,0.05,94,5115,13.9905556,0.14707836508750916,0.0005,4914
54,360,16.04,0.05,95,5179,13.97972226,0.06392446160316467,0.0005,4978
54,364,15.99,0.05,96,5239,13.9405556,0.05456770211458206,0.0005,5038
54,368,15.99,0.05,97,5303,13.94000004,0.04927101731300354,0.0005,5102
54,372,16.0,0.05,98,5368,13.951944480000002,0.01670609414577484,0.0005,5167
54,376,16.0,0.05,100,5431,13.955000030000003,0.05942591279745102,0.0005,5230
54,380,16.0,0.05,101,5495,13.963888919999999,0.019397515803575516,0.0005,5294
54,384,15.97,0.05,102,5557,13.94222226,0.04326365515589714,0.0005,5356
54,388,15.96,0.05,103,5620,13.94444447,0.06660546362400055,0.0005,5419
54,392,15.92,0.05,104,5681,13.906111140000002,0.033190276473760605,0.0005,5480
54,396,15.89,0.05,105,5744,13.882777810000002,0.05965454503893852,0.0005,5543
54,400,15.8,0.05,106,5799,13.79944448,0.026186639443039894,0.0005,5598
54,404,15.8,0.05,107,5863,13.800833359999999,0.07610897719860077,0.0005,5662
54,408,15.78,0.05,108,5924,13.774722240000001,0.04090458154678345,0.0005,5723
54,412,15.75,0.05,109,5986,13.74916667,0.020358772948384285,0.0005,5785
54,416,15.74,0.05,110,6050,13.74638889,0.06245925650000572,0.0005,5849
54,420,15.73,0.05,112,6113,13.73888888,0.06260496377944946,0.0005,5912
54,424,15.72,0.05,113,6176,13.733333320000003,0.018598871305584908,0.0005,5975
54,428,15.74,0.05,114,6241,13.750833310000004,0.02667059190571308,0.0005,6040
54,432,15.73,0.05,115,6303,13.739166630000001,0.06274561583995819,0.0005,6102
54,436,15.7,0.05,116,6363,13.713055509999997,0.11605959385633469,0.0005,6162
54,440,15.71,0.05,117,6426,13.71805551,0.07139460742473602,0.0005,6225
54,444,15.69,0.05,118,6489,13.69138885,0.09652072191238403,0.0005,6288
54,448,15.67,0.05,119,6551,13.66749996,0.04163650423288345,0.0005,6350
54,452,15.58,0.05,120,6608,13.589722169999998,0.04404039680957794,0.0005,6407
54,456,15.54,0.05,121,6669,13.560277730000003,0.038403499871492386,0.0005,6468
54,460,15.51,0.05,122,6730,13.538611069999996,0.048677705228328705,0.0005,6529
54,464,15.56,0.05,123,6795,13.586944390000001,0.03449760749936104,0.0005,6594
54,468,15.56,0.05,125,6859,13.589999940000002,0.06001056730747223,0.0005,6658
54,472,15.54,0.05,126,6922,13.564722170000003,0.03930968791246414,0.0005,6721
54,476,15.55,0.05,127,6986,13.57277773,0.008852272294461727,0.0005,6785
54,480,15.55,0.05,128,7050,13.557777719999999,0.04948620870709419,0.0005,6849
54,484,15.57,0.05,129,7114,13.570833259999999,0.06851564347743988,0.0005,6913
54,488,15.48,0.05,130,7168,13.48583326,0.02618691883981228,0.0005,6967
54,492,15.49,0.05,131,7230,13.494999929999999,0.08803564310073853,0.0005,7029
54,496,15.49,0.05,132,7293,13.496944380000002,0.0787193700671196,0.0005,7092
54,500,15.55,0.05,133,7354,13.558333270000002,0.022607862949371338,0.0005,7153
55,504,15.47,0.05,134,7410,13.486666600000001,0.06270938366651535,0.0005,7209
55,508,15.49,0.05,135,7473,13.512222170000003,0.05418711155653,0.0005,7272
55,512,15.48,0.05,136,7534,13.5044444,0.03334727883338928,0.0005,7333
55,516,15.44,0.05,137,7594,13.468333289999999,0.0190279521048069,0.0005,7393
55,520,15.46,0.05,138,7659,13.4844444,0.037536539137363434,0.0005,7458
55,524,15.45,0.05,140,7721,13.47305552,0.06494753807783127,0.0005,7520
55,528,15.4,0.05,141,7781,13.424722189999997,0.010585506446659565,0.0005,7580
55,532,15.41,0.05,142,7844,13.438888869999996,0.02123277261853218,0.0005,7643
55,536,15.44,0.05,143,7907,13.471666639999999,0.04733915254473686,0.0005,7706
55,540,15.44,0.05,144,7970,13.471111089999999,0.05214415490627289,0.0005,7769
55,544,15.37,0.05,145,8026,13.415277760000002,0.0594119168817997,0.0005,7825
55,548,15.37,0.05,146,8088,13.42555554,0.020043499767780304,0.0005,7887
55,552,15.4,0.05,147,8148,13.45583333,0.027800103649497032,0.0005,7947
55,556,15.42,0.05,148,8211,13.474444429999998,0.03547023981809616,0.0005,8010
55,560,15.41,0.05,149,8271,13.46583331,0.039192892611026764,0.0005,8070
55,564,15.37,0.05,150,8332,13.43027777,0.01377528253942728,0.0005,8131
55,568,15.37,0.05,151,8396,13.430833320000001,0.048831112682819366,0.0005,8195
55,572,15.34,0.05,152,8456,13.41583332,0.028889719396829605,0.0005,8255
55,576,15.3,0.05,153,8516,13.385833320000001,0.03670499846339226,0.0005,8315
55,580,15.29,0.05,154,8579,13.385833330000002,0.032180145382881165,0.0005,8378
55,584,15.28,0.05,156,8642,13.373333330000001,0.045680031180381775,0.0005,8441
55,588,15.36,0.05,157,8704,13.44666666,0.027455709874629974,0.0005,8503
55,592,15.37,0.05,158,8767,13.46277778,0.04557047411799431,0.0005,8566
55,596,15.36,0.05,159,8829,13.459722219999998,0.038784146308898926,0.0005,8628
55,600,15.39,0.05,160,8893,13.482777779999997,0.06574121117591858,0.0005,8692
55,604,15.45,0.05,161,8955,13.54222223,0.027591543272137642,0.0005,8754
55,608,15.44,0.05,162,9017,13.52861111,0.00693167932331562,0.0005,8816
55,612,15.42,0.05,163,9076,13.503333340000005,0.03326871246099472,0.0005,8875
55,616,15.44,0.05,164,9138,13.52777778,0.03919654339551926,0.0005,8937
55,620,15.34,0.05,165,9193,13.439166680000001,0.01926429569721222,0.0005,8992
55,624,15.31,0.05,166,9252,13.417500010000001,0.02394995279610157,0.0005,9051
55,628,15.33,0.05,167,9314,13.44694446,0.031582001596689224,0.0005,9113
55,632,15.32,0.05,168,9376,13.442777789999997,0.021906286478042603,0.0005,9175
55,636,15.32,0.05,170,9439,13.43750002,0.046845942735672,0.0005,9238
55,640,15.29,0.05,171,9499,13.41777779,0.010692073963582516,0.0005,9298
55,644,15.35,0.05,172,9561,13.47250002,0.0683167353272438,0.0005,9360
55,648,15.36,0.05,173,9624,13.475833360000001,0.01057326141744852,0.0005,9423
55,652,15.37,0.05,174,9685,13.480833350000001,0.015777381137013435,0.0005,9484
55,656,15.39,0.05,175,9750,13.497222249999998,0.004752281121909618,0.0005,9549
55,660,15.42,0.05,177,9813,13.523333360000002,0.028152678161859512,0.0005,9612
55,664,15.45,0.05,178,9877,13.54472224,0.02742013894021511,0.0005,9676
55,668,15.42,0.05,179,9938,13.518888910000001,0.02347230724990368,0.0005,9737
55,672,15.43,0.05,180,9999,13.525000030000001,0.04452640935778618,0.0005,9798
55,676,15.43,0.05,181,10059,13.522500030000002,0.015639066696166992,0.0005,9858
55,680,15.4,0.05,182,10119,13.503611139999999,0.020406262949109077,0.0005,9918
55,684,15.37,0.05,183,10179,13.487777819999996,0.03156578168272972,0.0005,9978
55,688,15.36,0.05,184,10240,13.485000049999998,0.04745574668049812,0.0005,10039
55,692,15.35,0.05,185,10302,13.47527781,0.023600338026881218,0.0005,10101
55,696,15.34,0.05,187,10363,13.466388910000003,0.026907097548246384,0.0005,10162
55,700,15.33,0.05,188,10426,13.458888900000002,0.03561059758067131,0.0005,10225
55,704,15.34,0.05,189,10489,13.4613889,0.07159098982810974,0.0005,10288
55,708,15.33,0.05,190,10550,13.459444450000001,0.08273621648550034,0.0005,10349
55,712,15.36,0.05,191,10612,13.495000000000003,0.003950044978410006,0.0005,10411
55,716,15.32,0.05,192,10670,13.448611120000002,0.017613163217902184,0.0005,10469
55,720,15.38,0.05,193,10731,13.509166669999997,0.0374147891998291,0.0005,10530
55,724,15.36,0.05,194,10788,13.487777779999998,0.04192323237657547,0.0005,10587
55,728,15.34,0.05,195,10848,13.467500000000003,0.05286940932273865,0.0005,10647
55,732,15.33,0.05,196,10909,13.455,0.03740440309047699,0.0005,10708
55,736,15.32,0.05,197,10971,13.454166669999998,0.012739856727421284,0.0005,10770
55,740,15.33,0.05,199,11032,13.459722219999998,0.018859954550862312,0.0005,10831
55,744,15.35,0.05,200,11096,13.4761111,0.015327930450439453,0.0005,10895
55,748,15.33,0.05,201,11157,13.467499989999999,0.0204063281416893,0.0005,10956
55,752,15.33,0.05,202,11218,13.4697222,0.05692826583981514,0.0005,11017
55,756,15.29,0.05,203,11279,13.435277759999996,0.038812074810266495,0.0005,11078
55,760,15.25,0.05,204,11338,13.407777770000001,0.0505957156419754,0.0005,11137
55,764,15.21,0.05,205,11398,13.383333320000002,0.012118554674088955,0.0005,11197
55,768,15.2,0.05,206,11458,13.376388890000001,0.021506043151021004,0.0005,11257
55,772,15.1,0.05,207,11509,13.292222200000001,0.009422147646546364,0.0005,11308
55,776,15.08,0.05,208,11567,13.273333309999998,0.01944848895072937,0.0005,11366
55,780,15.08,0.05,209,11627,13.270555530000001,0.03767308592796326,0.0005,11426
55,784,15.09,0.05,210,11688,13.274444409999996,0.012804493308067322,0.0005,11487
55,788,15.08,0.05,211,11748,13.263611079999999,0.053361695259809494,0.0005,11547
55,792,15.06,0.05,212,11808,13.254722199999998,0.015666833147406578,0.0005,11607
55,796,15.02,0.05,213,11865,13.22472221,0.01918770931661129,0.0005,11664
55,800,14.99,0.05,215,11925,13.19805555,0.010475417599081993,0.0005,11724
55,804,14.94,0.05,216,11983,13.15555556,0.05383392050862312,0.0005,11782
55,808,14.91,0.05,217,12041,13.128333340000001,0.044247813522815704,0.0005,11840
55,812,14.89,0.05,218,12101,13.112777790000003,0.036412183195352554,0.0005,11900
55,816,14.92,0.05,219,12162,13.146666680000001,0.02393762208521366,0.0005,11961
55,820,14.91,0.05,220,12222,13.131388900000001,0.017942380160093307,0.0005,12021
55,824,14.91,0.05,221,12279,13.12861113,0.016115784645080566,0.0005,12078
55,828,14.93,0.05,222,12341,13.143888910000001,0.006569959223270416,0.0005,12140
55,832,14.88,0.05,223,12397,13.10027781,0.01687999814748764,0.0005,12196
55,836,14.82,0.05,224,12453,13.049444479999998,0.010350484400987625,0.0005,12252
55,840,14.81,0.05,226,12513,13.039722269999997,0.01910301297903061,0.0005,12312
55,844,14.75,0.05,227,12571,12.999166710000003,0.015902455896139145,0.0005,12370
55,848,14.73,0.05,228,12630,12.975277819999997,0.07654538005590439,0.0005,12429
55,852,14.73,0.05,229,12691,12.97888894,0.008140615187585354,0.0005,12490
55,856,14.72,0.05,230,12751,12.973888939999997,0.013082904741168022,0.0005,12550
55,860,14.74,0.05,231,12812,12.99027783,0.03200671076774597,0.0005,12611
55,864,14.75,0.05,232,12873,12.99388895,0.07552707195281982,0.0005,12672
55,868,14.74,0.05,233,12932,12.98583339,0.028913697227835655,0.0005,12731
55,872,14.84,0.05,234,12993,13.06916673,0.02164493314921856,0.0005,12792
55,876,14.86,0.05,235,13053,13.095833399999997,0.024009674787521362,0.0005,12852
55,880,14.86,0.05,236,13113,13.096944509999998,0.013800086453557014,0.0005,12912
55,884,14.87,0.05,237,13175,13.106944510000003,0.034022971987724304,0.0005,12974
55,888,14.87,0.05,238,13235,13.106944499999999,0.018554147332906723,0.0005,13034
55,892,14.86,0.05,239,13294,13.091944500000002,0.029814526438713074,0.0005,13093
55,896,14.87,0.05,240,13352,13.09750006,0.01696796715259552,0.0005,13151
55,900,14.87,0.05,241,13412,13.102777830000004,0.01741335168480873,0.0005,13211
55,904,14.88,0.05,242,13471,13.115833369999997,0.02897055819630623,0.0005,13270
55,908,14.9,0.05,244,13531,13.134722259999998,0.00979513581842184,0.0005,13330
55,912,14.89,0.05,245,13590,13.126944480000002,0.03272199630737305,0.0005,13389
55,916,14.89,0.05,246,13651,13.124722259999999,0.015569259412586689,0.0005,13450
55,920,14.89,0.05,247,13711,13.12777782,0.010532265529036522,0.0005,13510
55,924,14.93,0.05,248,13772,13.16694448,0.05217089131474495,0.0005,13571
55,928,14.92,0.05,249,13833,13.164722249999997,0.00372792175039649,0.0005,13632
55,932,14.97,0.05,250,13894,13.216944469999998,0.0610104501247406,0.0005,13693
55,936,15.01,0.05,251,13954,13.250000029999999,0.05183224752545357,0.0005,13753
55,940,15.03,0.05,252,14016,13.26722224,0.024316539987921715,0.0005,13815
55,944,15.06,0.05,253,14077,13.287777799999997,0.0035902829840779305,0.0005,13876
55,948,15.08,0.05,254,14138,13.30916669,0.04642666503787041,0.0005,13937
55,952,15.07,0.05,255,14198,13.300833359999999,0.005101853981614113,0.0005,13997
55,956,15.07,0.05,256,14258,13.302222249999998,0.016975851729512215,0.0005,14057
55,960,15.09,0.05,257,14321,13.316111139999999,0.02440200187265873,0.0005,14120
55,964,15.1,0.05,259,14383,13.3238889,0.00474064564332366,0.0005,14182
55,968,15.14,0.05,260,14446,13.35555556,0.013250434771180153,0.0005,14245
55,972,15.17,0.05,261,14510,13.38416668,0.020357325673103333,0.0005,14309
55,976,15.18,0.05,262,14571,13.384444459999997,0.006936301477253437,0.0005,14370
55,980,15.21,0.05,263,14634,13.409166679999998,0.03998608514666557,0.0005,14433
55,984,15.21,0.05,264,14696,13.412777799999999,0.020468855276703835,0.0005,14495
55,988,15.23,0.05,265,14758,13.430000019999998,0.021204229444265366,0.0005,14557
55,992,15.24,0.05,266,14818,13.440000029999998,0.022659488022327423,0.0005,14617
55,996,15.25,0.05,267,14877,13.442222240000001,0.06888017058372498,0.0005,14676
55,1000,15.27,0.05,268,14939,13.455000029999999,0.01158759742975235,0.0005,14738
55,1004,15.3,0.05,270,15001,13.48333337,0.02125999517738819,0.0005,14800
55,1008,15.32,0.05,271,15063,13.50083337,0.012396073900163174,0.0005,14862
55,1012,15.33,0.05,272,15123,13.506666699999998,0.025788074359297752,0.0005,14922
55,1016,15.32,0.05,273,15183,13.50027781,0.006870519369840622,0.0005,14982
55,1020,15.34,0.05,274,15245,13.51666669,0.022289907559752464,0.0005,15044
55,1024,15.34,0.05,275,15306,13.51722224,0.0032995103392750025,0.0005,15105
55,1028,15.33,0.05,276,15366,13.50361114,0.01931910403072834,0.0005,15165
55,1032,15.32,0.05,277,15426,13.489166679999999,0.007456607185304165,0.0005,15225
55,1036,15.32,0.05,278,15486,13.489444449999999,0.009188277646899223,0.0005,15285
55,1040,15.3,0.05,279,15546,13.473888900000002,0.027264127507805824,0.0005,15345
55,1044,15.29,0.05,281,15606,13.464444459999998,0.007793786004185677,0.0005,15405
55,1048,15.27,0.05,282,15665,13.45055557,0.09503089636564255,0.0005,15464
55,1052,15.28,0.05,283,15726,13.457777789999998,0.007465903647243977,0.0005,15525
55,1056,15.29,0.05,284,15787,13.467222220000002,0.029973909258842468,0.0005,15586
55,1060,15.27,0.05,285,15848,13.45499998,0.0172116719186306,0.0005,15647
55,1064,15.26,0.05,286,15909,13.455,0.025989025831222534,0.0005,15708
55,1068,15.23,0.05,287,15969,13.431944449999998,0.006673919036984444,0.0005,15768
55,1072,15.19,0.05,288,16029,13.397777780000002,0.01579889841377735,0.0005,15828
55,1076,15.18,0.05,289,16089,13.39333333,0.012680568732321262,0.0005,15888
55,1080,15.1,0.05,290,16144,13.321944440000003,0.057808782905340195,0.0005,15943
55,1084,15.08,0.05,291,16204,13.304999989999999,0.01984741911292076,0.0005,16003
55,1088,15.06,0.05,292,16264,13.289166660000001,0.03954574838280678,0.0005,16063
55,1092,15.05,0.05,293,16323,13.28249998,0.029493268579244614,0.0005,16122
55,1096,15.07,0.05,294,16384,13.31277777,0.014245796017348766,0.0005,16183
55,1100,15.06,0.05,295,16445,13.309444439999998,0.02872706577181816,0.0005,16244
55,1104,15.06,0.05,296,16507,13.31305554,0.014102867804467678,0.0005,16306
55,1108,15.04,0.05,297,16567,13.29805554,0.006229011807590723,0.0005,16366
55,1112,15.05,0.05,299,16628,13.309999990000001,0.0423794686794281,0.0005,16427
55,1116,14.95,0.05,300,16678,13.229166650000002,0.007368628866970539,0.0005,16477
55,1120,14.92,0.05,301,16737,13.210277779999998,0.039537202566862106,0.0005,16536
55,1124,14.82,0.05,301,16788,13.126388900000002,0.04915710911154747,0.0005,16587
55,1128,14.77,0.05,302,16843,13.085277779999998,0.01836414262652397,0.0005,16642
55,1132,14.68,0.05,303,16894,13.007777789999999,0.0473780557513237,0.0005,16693
55,1136,14.68,0.05,305,16954,13.0113889,0.01249608863145113,0.0005,16753
55,1140,14.68,0.05,306,17014,13.01500002,0.003635228145867586,0.0005,16813
55,1144,14.68,0.05,307,17074,13.01777779,0.003522919723764062,0.0005,16873
55,1148,14.69,0.05,308,17134,13.02416667,0.024627812206745148,0.0005,16933
55,1152,14.67,0.05,309,17193,13.01,0.025922639295458794,0.0005,16992
55,1156,14.57,0.05,310,17244,12.917777789999997,0.003707815892994404,0.0005,17043
55,1160,14.56,0.05,311,17304,12.90944448,0.013367969542741776,0.0005,17103
55,1164,14.46,0.05,312,17355,12.816666699999999,0.02242172323167324,0.0005,17154
55,1168,14.46,0.05,313,17415,12.816944470000001,0.03715858981013298,0.0005,17214
55,1172,14.44,0.05,314,17473,12.803611130000002,0.010669460520148277,0.0005,17272
55,1176,14.42,0.05,315,17531,12.786111130000002,0.004389845300465822,0.0005,17330
55,1180,14.48,0.05,316,17592,12.84055557,0.011112364009022713,0.0005,17391
55,1184,14.48,0.05,317,17652,12.841388899999997,0.010460177436470985,0.0005,17451
55,1188,14.48,0.05,318,17712,12.84444446,0.026787878945469856,0.0005,17511
55,1192,14.48,0.05,319,17771,12.84722225,0.02993488684296608,0.0005,17570
55,1196,14.48,0.05,320,17832,12.8427778,0.00991287361830473,0.0005,17631
55,1200,14.47,0.05,321,17892,12.833333349999998,0.003829949302598834,0.0005,17691
55,1204,14.45,0.05,322,17952,12.81527781,0.013400578871369362,0.0005,17751
55,1208,14.42,0.05,323,18009,12.788611139999999,0.010420268401503563,0.0005,17808
55,1212,14.4,0.05,324,18068,12.770555589999999,0.020937666296958923,0.0005,17867
55,1216,14.49,0.05,325,18127,12.846388929999998,0.02094416320323944,0.0005,17926
55,1220,14.47,0.05,326,18184,12.830555589999996,0.14989928901195526,0.0005,17983
55,1224,14.51,0.05,327,18239,12.85805559,0.04628150910139084,0.0005,18038
55,1228,14.53,0.05,328,18296,12.87638892,0.08000005036592484,0.0005,18095
55,1232,14.61,0.05,329,18355,12.951666699999999,0.02285522036254406,0.0005,18154
55,1236,14.54,0.05,330,18408,12.88638893,0.08240140229463577,0.0005,18207
55,1240,14.54,0.05,332,18468,12.884722259999998,0.0690353661775589,0.0005,18267
55,1244,14.54,0.05,333,18528,12.881944500000001,0.0850284993648529,0.0005,18327
55,1248,14.43,0.05,333,18577,12.784722280000004,0.007027280051261187,0.0005,18376
55,1252,14.34,0.05,334,18627,12.701388969999998,0.006202637683600187,0.0005,18426
55,1256,14.4,0.05,335,18684,12.758888949999998,0.004623578395694494,0.0005,18483
55,1260,14.34,0.05,336,18738,12.698055609999997,0.03309259191155434,0.0005,18537
55,1264,14.42,0.05,337,18797,12.769166720000001,0.011360349133610725,0.0005,18596
55,1268,14.4,0.05,338,18855,12.748611170000002,0.007891681045293808,0.0005,18654
55,1272,14.41,0.05,339,18914,12.75500007,0.02287750318646431,0.0005,18713
55,1276,14.43,0.05,340,18974,12.76805563,0.006907195784151554,0.0005,18773
55,1280,14.38,0.05,341,19030,12.7222223,0.0053055244497954845,0.0005,18829
55,1284,14.38,0.05,342,19090,12.720555630000002,0.014713194221258163,0.0005,18889
55,1288,14.35,0.05,343,19147,12.69222229,0.04168795421719551,0.0005,18946
55,1292,14.26,0.05,344,19197,12.60527783,0.008445600047707558,0.0005,18996
55,1296,14.21,0.05,345,19253,12.55611117,0.004838461522012949,0.0005,19052
55,1300,14.17,0.05,346,19309,12.516388939999999,0.004097547382116318,0.0005,19108
55,1304,14.05,0.05,347,19357,12.405277819999998,0.08057618141174316,0.0005,19156
55,1308,13.98,0.05,348,19407,12.338333369999997,0.019339323043823242,0.0005,19206
55,1312,13.87,0.05,349,19455,12.24027781,0.024873200803995132,0.0005,19254
55,1316,13.87,0.05,350,19514,12.244166690000002,0.07081835716962814,0.0005,19313
55,1320,13.88,0.05,351,19572,12.243611130000001,0.0769016370177269,0.0005,19371
55,1324,13.9,0.05,352,19629,12.272500009999998,0.013665826991200447,0.0005,19428
55,1328,13.91,0.05,353,19687,12.28916667,0.02002818137407303,0.0005,19486
55,1332,13.89,0.05,354,19744,12.27333333,0.020230501890182495,0.0005,19543
55,1336,13.86,0.05,355,19794,12.249999990000001,0.016648991033434868,0.0005,19593
55,1340,13.84,0.05,356,19852,12.232777760000001,0.006763853132724762,0.0005,19651
55,1344,13.71,0.05,357,19899,12.11944442,0.08811421692371368,0.0005,19698
55,1348,13.81,0.05,358,19958,12.20611109,0.014779835008084774,0.0005,19757
