time/time_elapsed,time/fps,time/episodes,time/total_timesteps,rollout/ep_len_mean,rollout/exploration_rate,rollout/ep_rew_mean,train/loss,train/learning_rate,train/n_updates
0,40,4,40,10,0.981,9,,,
1,39,8,73,9.125,0.9653249999999995,7.890625,,,
2,39,12,97,8.083333333333334,0.9539249999999998,6.9305555,,,
3,38,16,138,8.625,0.9344499999999999,7.445312438,,,
4,38,20,169,8.45,0.9197250000000003,7.258333299999999,,,
4,38,24,186,7.75,0.9116500000000003,6.592013916666667,,,
5,38,28,217,7.75,0.8969249999999998,6.569940535714285,0.092925481,0.0005,16
6,37,32,253,7.90625,0.8798249999999995,6.727864656,0.268894762,0.0005,52
7,37,36,288,8,0.8632000000000003,6.824074138888889,0.033570878,0.0005,87
8,37,40,316,7.9,0.8498999999999997,6.702083400000001,0.13417090475559235,0.0005,115
9,37,44,352,8,0.8328000000000005,6.780303090909092,0.23189492523670197,0.0005,151
10,36,48,396,8.25,0.8118999999999996,7.056423666666667,0.12368613481521606,0.0005,195
12,36,52,440,8.461538461538462,0.7909999999999998,7.308493653846155,0.14367984235286713,0.0005,239
13,36,56,475,8.482142857142858,0.7743749999999996,7.3377976785714285,0.15705473721027374,0.0005,274
14,36,60,519,8.65,0.7534749999999998,7.50625005,0.19429925084114075,0.0005,318
15,36,64,554,8.65625,0.7368500000000004,7.5247396250000005,0.040576823,0.0005,353
16,36,68,598,8.794117647058824,0.7159499999999996,7.656250029411765,0.11611396819353104,0.0005,397
17,36,72,621,8.625,0.7050249999999998,7.495949097222223,0.009130513,0.0005,420
18,35,76,656,8.631578947368421,0.6883999999999995,7.502741250000001,0.1407572329044342,0.0005,455
19,35,80,699,8.7375,0.6679749999999998,7.606770850000001,0.012665918096899986,0.0005,498
20,35,84,738,8.785714285714286,0.6494499999999996,7.662698429,0.10106769949197769,0.0005,537
21,35,88,761,8.647727272727273,0.6385249999999998,7.527462136363638,0.11365380138158798,0.0005,560
21,35,92,778,8.456521739130435,0.6304499999999995,7.340579728,0.1555059552192688,0.0005,577
22,35,96,809,8.427083333333334,0.6157250000000002,7.305989594,0.4617396295070648,0.0005,608
23,35,100,844,8.44,0.5990999999999999,7.322083340000001,0.1257847249507904,0.0005,643
24,35,104,866,8.26,0.5886499999999999,7.134583339999999,0.3568355441093445,0.0005,665
25,35,108,901,8.28,0.5720249999999998,7.183333339999999,0.2739216685295105,0.0005,700
25,35,112,924,8.27,0.5610999999999998,7.18375001,0.38892099261283875,0.0005,723
26,35,116,952,8.14,0.5478000000000003,7.0645833499999995,0.36938583850860596,0.0005,751
27,35,120,996,8.27,0.5269000000000005,7.20083334,0.11569048464298248,0.0005,795
28,35,124,1034,8.48,0.5088500000000004,7.4137499999999985,0.15065248310565948,0.0005,833
30,35,128,1078,8.61,0.48794999999999944,7.538749980000001,0.2887129783630371,0.0005,877
31,35,132,1116,8.63,0.46990000000000043,7.562083309999999,0.014424494467675686,0.0005,915
32,35,136,1160,8.72,0.4489999999999996,7.63041664,0.018440961837768555,0.0005,959
33,35,140,1204,8.88,0.4280999999999998,7.8020833000000005,0.42976289987564087,0.0005,1003
34,35,144,1234,8.82,0.4138500000000003,7.7595833,0.12329554557800293,0.0005,1033
35,35,148,1278,8.82,0.39295000000000047,7.772499979999999,0.14366468787193298,0.0005,1077
36,35,152,1313,8.73,0.37632500000000013,7.677916630000001,0.022327622398734093,0.0005,1112
37,35,156,1349,8.74,0.3592249999999999,7.677083290000001,0.33163872361183167,0.0005,1148
38,35,160,1379,8.6,0.3449750000000006,7.553333299999999,0.2141503542661667,0.0005,1178
39,35,164,1409,8.55,0.33072499999999994,7.49166664,0.01929152,0.0005,1208
40,35,168,1444,8.46,0.3140999999999996,7.42208332,0.3240712285041809,0.0005,1243
42,35,172,1487,8.66,0.2936749999999998,7.602083329999999,0.062295518815517426,0.0005,1286
43,35,176,1531,8.75,0.272775,7.6983333300000005,0.14508406817913055,0.0005,1330
44,35,180,1566,8.67,0.25614999999999966,7.620833339999999,0.1197134256362915,0.0005,1365
45,35,184,1603,8.65,0.23857500000000054,7.619166670000001,0.020764194428920746,0.0005,1402
45,35,188,1611,8.5,0.23477499999999996,7.4745833300000015,0.020649172365665436,0.0005,1410
46,35,192,1655,8.77,0.21387500000000015,7.74291667,0.14993751049041748,0.0005,1454
48,35,196,1699,8.9,0.19297500000000034,7.85750001,0.16060295701026917,0.0005,1498
49,35,200,1737,8.93,0.17492500000000022,7.89083335,0.3918415606021881,0.0005,1536
50,35,204,1779,9.13,0.15497500000000042,8.102083350000001,0.014335698448121548,0.0005,1578
51,35,208,1805,9.04,0.14262500000000067,8.002083359999999,0.029026580974459648,0.0005,1604
52,35,212,1843,9.19,0.12457500000000055,8.1491667,0.025056094,0.0005,1642
53,35,216,1880,9.28,0.10700000000000043,8.22250003,0.017801655,0.0005,1679
54,35,220,1923,9.27,0.086575,8.1866667,0.050669562,0.0005,1722
55,35,224,1963,9.29,0.067575,8.203750020000001,0.022675037384033203,0.0005,1762
56,35,228,2003,9.25,0.05,8.184166699999999,0.021746609,0.0005,1802
57,35,232,2038,9.22,0.05,8.15083336,0.13677281141281128,0.0005,1837
58,35,236,2066,9.06,0.05,8.014166690000001,0.2051743119955063,0.0005,1865
59,35,240,2094,8.9,0.05,7.86583336,0.017808783799409866,0.0005,1893
60,35,244,2132,8.98,0.05,7.9529166999999985,0.29979175329208374,0.0005,1931
61,35,248,2176,8.98,0.05,7.9566666800000005,0.017327753826975822,0.0005,1975
62,35,252,2209,8.96,0.05,7.92625003,0.18537092208862305,0.0005,2008
63,35,256,2243,8.94,0.05,7.922916700000001,0.16213804483413696,0.0005,2042
64,35,260,2285,9.06,0.05,8.01708337,0.14715781807899475,0.0005,2084
66,35,264,2329,9.2,0.05,8.157916700000001,0.25742578506469727,0.0005,2128
67,35,268,2373,9.29,0.05,8.24708336,0.012054097838699818,0.0005,2172
68,35,272,2410,9.23,0.05,8.20208335,0.12856841087341309,0.0005,2209
69,35,276,2454,9.23,0.05,8.19708334,0.024736644700169563,0.0005,2253
70,35,280,2486,9.2,0.05,8.17333333,0.023946827,0.0005,2285
71,35,284,2519,9.16,0.05,8.11833334,0.1263543963432312,0.0005,2318
72,35,288,2555,9.44,0.05,8.40250001,0.2510611414909363,0.0005,2354
73,35,292,2599,9.44,0.05,8.397083330000001,0.023040332,0.0005,2398
74,35,296,2643,9.44,0.05,8.41458334,0.24690239131450653,0.0005,2442
76,35,300,2687,9.5,0.05,8.46541666,0.020228449255228043,0.0005,2486
77,35,304,2730,9.51,0.05,8.460416669999999,0.044224973767995834,0.0005,2529
78,35,308,2771,9.66,0.05,8.593749990000001,0.037818883,0.0005,2570
79,35,312,2805,9.62,0.05,8.54916666,0.10908746719360352,0.0005,2604
80,35,316,2845,9.65,0.05,8.59125,0.2096613645553589,0.0005,2644
81,35,320,2889,9.66,0.05,8.615,0.20538422465324402,0.0005,2688
83,35,324,2933,9.7,0.05,8.652500009999999,0.15163981914520264,0.0005,2732
84,35,328,2968,9.65,0.05,8.60500001,0.021610694006085396,0.0005,2767
84,35,332,2996,9.58,0.05,8.542083340000001,0.14089730381965637,0.0005,2795
85,35,336,3031,9.65,0.05,8.63208335,0.12938159704208374,0.0005,2830
86,35,340,3048,9.54,0.05,8.513333359999999,0.038761474,0.0005,2847
87,35,344,3092,9.6,0.05,8.560833350000001,0.1445617377758026,0.0005,2891
88,35,348,3131,9.55,0.05,8.481250029999998,0.2675570845603943,0.0005,2930
89,35,352,3167,9.58,0.05,8.50916668,0.02916991,0.0005,2966
90,35,356,3207,9.64,0.05,8.55625002,0.1366340070962906,0.0005,3006
91,35,360,3248,9.63,0.05,8.54875001,0.3598973751068115,0.0005,3047
93,35,364,3291,9.62,0.05,8.53583335,0.046754651,0.0005,3090
94,35,368,3330,9.57,0.05,8.477916689999999,0.12081042677164078,0.0005,3129
95,35,372,3374,9.64,0.05,8.564583360000002,0.088683896,0.0005,3173
96,35,376,3418,9.64,0.05,8.5704167,0.11795040965080261,0.0005,3217
97,35,380,3459,9.73,0.05,8.66500004,0.41533392667770386,0.0005,3258
99,35,384,3503,9.84,0.05,8.761250030000001,0.075189143,0.0005,3302
100,35,388,3546,9.91,0.05,8.81750004,0.052440468,0.0005,3345
101,35,392,3586,9.87,0.05,8.782083370000002,0.040135968,0.0005,3385
102,35,396,3630,9.87,0.05,8.79375003,0.023005111142992973,0.0005,3429
103,35,400,3674,9.87,0.05,8.78458337,0.28704625368118286,0.0005,3473
105,35,404,3718,9.88,0.05,8.797500020000001,0.039295845,0.0005,3517
106,35,408,3757,9.86,0.05,8.79541669,0.1537877321243286,0.0005,3556
107,35,412,3797,9.92,0.05,8.84416668,0.021991111,0.0005,3596
108,35,416,3841,9.96,0.05,8.88333334,0.19601161777973175,0.0005,3640
109,35,420,3885,9.96,0.05,8.897083349999997,0.2798193097114563,0.0005,3684
111,35,424,3929,9.96,0.05,8.896250019999998,0.25163692235946655,0.0005,3728
112,35,428,3968,10,0.05,8.94791668,0.34392958879470825,0.0005,3767
113,35,432,4007,10.11,0.05,9.04375002,0.086642683,0.0005,3806
114,35,436,4047,10.16,0.05,9.06041669,0.20699909329414368,0.0005,3846
115,35,440,4091,10.43,0.05,9.340000019999998,0.27425721287727356,0.0005,3890
116,35,444,4135,10.43,0.05,9.357083359999999,0.19431529939174652,0.0005,3934
118,35,448,4179,10.48,0.05,9.40875002,0.13442151248455048,0.0005,3978
119,35,452,4220,10.53,0.05,9.469583369999999,0.036017701,0.0005,4019
120,35,456,4260,10.53,0.05,9.47125003,0.28271377086639404,0.0005,4059
121,35,460,4304,10.56,0.05,9.4879167,0.020948629826307297,0.0005,4103
122,35,464,4347,10.56,0.05,9.48875003,0.14211679995059967,0.0005,4146
123,35,468,4391,10.61,0.05,9.52750003,0.033999331295490265,0.0005,4190
125,35,472,4432,10.58,0.05,9.477916700000002,0.035448063,0.0005,4231
126,35,476,4471,10.53,0.05,9.4191667,0.1983034610748291,0.0005,4270
127,35,480,4509,10.5,0.05,9.36083337,0.015653196722269058,0.0005,4308
128,35,484,4536,10.33,0.05,9.189166700000001,0.013874065,0.0005,4335
129,35,488,4580,10.34,0.05,9.2304167,0.24036626517772675,0.0005,4379
130,35,492,4624,10.38,0.05,9.280833379999999,0.12778256833553314,0.0005,4423
131,35,496,4665,10.35,0.05,9.24416671,0.050111335,0.0005,4464
132,35,500,4702,10.28,0.05,9.181250040000002,0.085099429,0.0005,4501
133,35,504,4740,10.22,0.05,9.14000005,0.12008239328861237,0.0005,4539
134,35,508,4781,10.24,0.05,9.138750040000001,0.04936349,0.0005,4580
136,35,512,4823,10.26,0.05,9.16041671,0.011164053343236446,0.0005,4622
136,35,516,4856,10.15,0.05,9.05750004,0.11509373039007187,0.0005,4655
137,35,520,4886,10.01,0.05,8.91875003,0.16114743053913116,0.0005,4685
138,35,524,4926,9.97,0.05,8.88125002,0.28490427136421204,0.0005,4725
139,35,528,4961,9.93,0.05,8.817500029999998,0.10301345586776733,0.0005,4760
141,35,532,5005,9.98,0.05,8.88500003,0.18760628998279572,0.0005,4804
142,35,536,5049,10.02,0.05,8.932500019999999,0.2998672425746918,0.0005,4848
143,35,540,5093,10.02,0.05,8.92208335,0.1009293869137764,0.0005,4892
144,35,544,5131,9.96,0.05,8.85000001,0.15749135613441467,0.0005,4930
145,35,548,5175,9.96,0.05,8.85875001,0.012182537466287613,0.0005,4974
147,35,552,5215,9.95,0.05,8.82083334,0.053766564,0.0005,5014
148,35,556,5255,9.95,0.05,8.82125001,0.15018825232982635,0.0005,5054
149,35,560,5299,9.95,0.05,8.84875,0.25207269191741943,0.0005,5098
150,35,564,5343,9.96,0.05,8.886249999999999,0.23564626276493073,0.0005,5142
151,35,568,5375,9.84,0.05,8.77624999,0.025347422808408737,0.0005,5174
152,35,572,5419,9.87,0.05,8.78916666,0.38875821232795715,0.0005,5218
153,35,576,5463,9.92,0.05,8.841249990000001,0.017341446,0.0005,5262
155,35,580,5507,9.98,0.05,8.938749989999998,0.078577407,0.0005,5306
155,35,584,5538,10.02,0.05,8.99291667,0.017356717959046364,0.0005,5337
157,35,588,5582,10.02,0.05,8.963749990000002,0.23309314250946045,0.0005,5381
158,35,592,5617,9.93,0.05,8.87083332,0.27343446016311646,0.0005,5416
159,35,596,5661,9.96,0.05,8.90749998,0.032807447016239166,0.0005,5460
160,35,600,5701,9.99,0.05,8.94291665,0.22947585582733154,0.0005,5500
161,35,604,5740,10,0.05,8.92708331,0.018328379839658737,0.0005,5539
162,35,608,5768,9.87,0.05,8.80874998,0.16661518812179565,0.0005,5567
163,35,612,5800,9.77,0.05,8.70833332,0.3054233491420746,0.0005,5599
164,35,616,5839,9.83,0.05,8.777083329999998,0.04295272,0.0005,5638
165,35,620,5876,9.9,0.05,8.84125,0.04387961,0.0005,5675
166,35,624,5915,9.89,0.05,8.84125001,0.12484554946422577,0.0005,5714
167,35,628,5958,9.97,0.05,8.94749999,0.082228579,0.0005,5757
168,35,632,5993,9.88,0.05,8.84124999,0.042278588,0.0005,5792
169,35,636,6035,9.86,0.05,8.82333333,0.22794783115386963,0.0005,5834
171,35,640,6076,9.83,0.05,8.80124999,0.018145635724067688,0.0005,5875
172,35,644,6120,9.89,0.05,8.861249990000001,0.17901127,0.0005,5919
173,35,648,6158,9.83,0.05,8.805416659999999,0.015691144,0.0005,5957
174,35,652,6182,9.67,0.05,8.655833329999998,0.074952997,0.0005,5981
175,35,656,6221,9.66,0.05,8.643749990000002,0.044607166200876236,0.0005,6020
176,35,660,6255,9.56,0.05,8.5275,0.3049059808254242,0.0005,6054
177,35,664,6295,9.52,0.05,8.46166667,0.024072183296084404,0.0005,6094
178,35,668,6335,9.6,0.05,8.54500001,0.063215472,0.0005,6134
179,35,672,6371,9.52,0.05,8.49333334,0.11538825184106827,0.0005,6170
180,35,676,6410,9.47,0.05,8.44666668,0.040525972843170166,0.0005,6209
181,35,680,6454,9.47,0.05,8.438750019999999,0.26626983284950256,0.0005,6253
183,35,684,6498,9.6,0.05,8.557083350000001,0.16047067940235138,0.0005,6297
184,35,688,6542,9.6,0.05,8.58750003,0.14834250509738922,0.0005,6341
185,35,692,6582,9.65,0.05,8.628333360000001,0.046065029,0.0005,6381
186,35,696,6609,9.48,0.05,8.44250004,0.17652112245559692,0.0005,6408
187,35,700,6648,9.47,0.05,8.427500040000002,0.2579154670238495,0.0005,6447
188,35,704,6690,9.5,0.05,8.474583379999999,0.13732294738292694,0.0005,6489
189,35,708,6721,9.53,0.05,8.509166720000001,0.016707042,0.0005,6520
190,35,712,6760,9.6,0.05,8.59083338,0.095704705,0.0005,6559
191,35,716,6800,9.61,0.05,8.58833337,0.14287571609020233,0.0005,6599
193,35,720,6844,9.68,0.05,8.682500030000002,0.15707220137119293,0.0005,6643
194,35,724,6883,9.68,0.05,8.65541669,0.060206469148397446,0.0005,6682
195,35,728,6919,9.61,0.05,8.54875003,0.070905298,0.0005,6718
196,35,732,6963,9.7,0.05,8.66083336,0.052384656,0.0005,6762
197,35,736,7002,9.67,0.05,8.64666669,0.20628061890602112,0.0005,6801
198,35,740,7040,9.64,0.05,8.624583359999999,0.080634117,0.0005,6839
199,35,744,7066,9.46,0.05,8.440000020000003,0.044469517,0.0005,6865
200,35,748,7102,9.44,0.05,8.42666668,0.3506884276866913,0.0005,6901
201,35,752,7146,9.64,0.05,8.63625,0.33049988746643066,0.0005,6945
202,35,756,7183,9.62,0.05,8.61541668,0.13092656433582306,0.0005,6982
203,35,760,7221,9.66,0.05,8.66625001,0.1048283576965332,0.0005,7020
204,35,764,7265,9.7,0.05,8.70541667,0.2624473571777344,0.0005,7064
206,35,768,7309,9.74,0.05,8.755833339999999,0.11799253523349762,0.0005,7108
206,35,772,7344,9.73,0.05,8.75,0.098438002,0.0005,7143
208,35,776,7383,9.73,0.05,8.75625,0.11858749389648438,0.0005,7182
209,35,780,7422,9.68,0.05,8.708333329999999,0.1536514312028885,0.0005,7221
210,35,784,7462,9.64,0.05,8.69625,0.10343481600284576,0.0005,7261
211,35,788,7506,9.64,0.05,8.664583330000001,0.1709880232810974,0.0005,7305
212,35,792,7550,9.68,0.05,8.70583333,0.4432363510131836,0.0005,7349
213,35,796,7587,9.78,0.05,8.82749999,0.2767868638038635,0.0005,7386
214,35,800,7627,9.79,0.05,8.852083330000001,0.25994542241096497,0.0005,7426
215,35,804,7665,9.75,0.05,8.81916666,0.14796462655067444,0.0005,7464
217,35,808,7704,9.83,0.05,8.91958333,0.14188550412654877,0.0005,7503
217,35,812,7739,9.79,0.05,8.88208334,0.24505701661109924,0.0005,7538
218,35,816,7774,9.74,0.05,8.830000019999998,0.07734488,0.0005,7573
220,35,820,7818,9.74,0.05,8.8254167,0.23249410092830658,0.0005,7617
221,35,824,7856,9.73,0.05,8.8341667,0.19686582684516907,0.0005,7655
222,35,828,7897,9.78,0.05,8.906250049999999,0.1488267332315445,0.0005,7696
223,35,832,7924,9.61,0.05,8.71833339,0.24652895331382751,0.0005,7723
224,35,836,7965,9.63,0.05,8.727916729999999,0.057923976331949234,0.0005,7764
225,35,840,8006,9.66,0.05,8.740000060000002,0.058536854,0.0005,7805
226,35,844,8040,9.74,0.05,8.82583341,0.065708153,0.0005,7839
227,35,848,8076,9.74,0.05,8.81958341,0.026063747704029083,0.0005,7875
228,35,852,8107,9.61,0.05,8.69666676,0.18408289551734924,0.0005,7906
229,35,856,8145,9.62,0.05,8.706666750000002,0.011998301,0.0005,7944
230,35,860,8173,9.52,0.05,8.60916675,0.024947041645646095,0.0005,7972
231,35,864,8217,9.52,0.05,8.625833429999998,0.1314222514629364,0.0005,8016
233,35,868,8261,9.52,0.05,8.619583420000001,0.031706687062978745,0.0005,8060
234,35,872,8305,9.61,0.05,8.70458342,0.29373449087142944,0.0005,8104
235,35,876,8342,9.59,0.05,8.69416676,0.1704026758670807,0.0005,8141
236,35,880,8386,9.64,0.05,8.72666675,0.039825379848480225,0.0005,8185
238,35,884,8430,9.68,0.05,8.74708341,0.15712280571460724,0.0005,8229
239,35,888,8468,9.62,0.05,8.68375008,0.034013740718364716,0.0005,8267
240,35,892,8512,9.62,0.05,8.691666750000001,0.15840695798397064,0.0005,8311
241,35,896,8556,9.69,0.05,8.77041675,0.14359349012374878,0.0005,8355
243,35,900,8597,9.7,0.05,8.79166675,0.2146037071943283,0.0005,8396
244,35,904,8631,9.66,0.05,8.743333410000002,0.1952585130929947,0.0005,8430
245,35,908,8675,9.71,0.05,8.77791674,0.1112031489610672,0.0005,8474
246,35,912,8716,9.77,0.05,8.8208334,0.021677587181329727,0.0005,8515
247,35,916,8750,9.76,0.05,8.8133334,0.028742252,0.0005,8549
248,35,920,8786,9.68,0.05,8.72041673,0.43610161542892456,0.0005,8585
249,35,924,8830,9.74,0.05,8.79500007,0.19002999365329742,0.0005,8629
251,35,928,8874,9.77,0.05,8.821666729999999,0.012018611654639244,0.0005,8673
252,35,932,8909,9.85,0.05,8.92833339,0.021218101,0.0005,8708
253,35,936,8953,9.88,0.05,8.97708338,0.12670226395130157,0.0005,8752
254,35,940,8990,9.84,0.05,8.94750005,0.062519327,0.0005,8789
255,35,944,9020,9.8,0.05,8.91625005,0.1472560614347458,0.0005,8819
257,35,948,9064,9.88,0.05,9.009166720000001,0.015649416,0.0005,8863
258,35,952,9097,9.9,0.05,9.02583338,0.017618431,0.0005,8896
259,35,956,9131,9.86,0.05,9.00375005,0.010345306247472763,0.0005,8930
260,35,960,9175,10.02,0.05,9.17000005,0.008302988,0.0005,8974
261,35,964,9219,10.02,0.05,9.19083337,0.21543046832084656,0.0005,9018
262,35,968,9252,9.91,0.05,9.06416671,0.5454789996147156,0.0005,9051
263,35,972,9290,9.85,0.05,8.99875005,0.015777066349983215,0.0005,9089
265,35,976,9330,9.88,0.05,9.017083379999999,0.14711198210716248,0.0005,9129
266,35,980,9374,9.88,0.05,9.03375005,0.16513995826244354,0.0005,9173
267,35,984,9418,9.88,0.05,9.04541672,0.15023298561573029,0.0005,9217
268,35,988,9454,9.86,0.05,9.03958337,0.3096415102481842,0.0005,9253
269,35,992,9490,9.78,0.05,8.955416699999999,0.27507638931274414,0.0005,9289
270,35,996,9529,9.73,0.05,8.900000039999998,0.020918809,0.0005,9328
271,35,1000,9566,9.69,0.05,8.85875004,0.18275567889213562,0.0005,9365
273,35,1004,9610,9.79,0.05,8.95958338,0.10848170518875122,0.0005,9409
274,35,1008,9654,9.79,0.05,8.96375005,0.023247108,0.0005,9453
275,35,1012,9692,9.76,0.05,8.94541671,0.36497530341148376,0.0005,9491
276,35,1016,9731,9.81,0.05,9.00500003,0.010237191803753376,0.0005,9530
277,35,1020,9768,9.82,0.05,9.03125002,0.27408862113952637,0.0005,9567
278,35,1024,9807,9.77,0.05,8.980000010000001,0.026572033762931824,0.0005,9606
280,35,1028,9845,9.71,0.05,8.930000000000001,0.1462685465812683,0.0005,9644
281,35,1032,9883,9.74,0.05,8.947500009999999,0.10368655622005463,0.0005,9682
282,35,1036,9927,9.74,0.05,8.93875002,0.013023541308939457,0.0005,9726
283,35,1040,9965,9.75,0.05,8.94708335,0.1228204295039177,0.0005,9764
284,35,1044,10009,9.89,0.05,9.08458335,0.24993088841438293,0.0005,9808
285,35,1048,10053,9.89,0.05,9.04750002,0.096736871,0.0005,9852
286,35,1052,10085,9.88,0.05,9.02875002,0.09422408,0.0005,9884
288,35,1056,10121,9.9,0.05,9.020000020000001,0.11382261663675308,0.0005,9920
289,35,1060,10161,9.86,0.05,8.985416690000001,0.25496113300323486,0.0005,9960
290,35,1064,10205,9.86,0.05,8.953750020000001,0.34886670112609863,0.0005,10004
291,35,1068,10249,9.97,0.05,9.08500002,0.015358051285147667,0.0005,10048
292,35,1072,10280,9.9,0.05,9.03250002,0.023832930251955986,0.0005,10079
293,35,1076,10324,9.94,0.05,9.07666668,0.081165195,0.0005,10123
294,35,1080,10368,9.94,0.05,9.08375001,0.11494164168834686,0.0005,10167
295,35,1084,10403,9.85,0.05,8.97708334,0.026664000004529953,0.0005,10202
297,35,1088,10442,9.88,0.05,9.01083335,0.4668375849723816,0.0005,10241
298,35,1092,10486,9.96,0.05,9.08208335,0.22969774901866913,0.0005,10285
299,35,1096,10530,10.01,0.05,9.135833340000001,0.031164828687906265,0.0005,10329
300,35,1100,10566,10,0.05,9.110000009999998,0.21730369329452515,0.0005,10365
301,35,1104,10604,9.94,0.05,9.049583349999999,0.13263379037380219,0.0005,10403
302,35,1108,10645,9.91,0.05,8.997083349999999,0.16720633208751678,0.0005,10444
303,35,1112,10685,9.93,0.05,9.01083335,0.10560496151447296,0.0005,10484
305,35,1116,10724,9.93,0.05,8.99250002,0.14666922390460968,0.0005,10523
306,35,1120,10759,9.91,0.05,8.96833337,0.013816579,0.0005,10558
307,35,1124,10803,9.96,0.05,9.029166700000001,0.16873441636562347,0.0005,10602
308,35,1128,10847,10.02,0.05,9.09833338,0.018220584839582443,0.0005,10646
309,35,1132,10885,10.02,0.05,9.08708337,0.09594813,0.0005,10684
310,35,1136,10929,10.02,0.05,9.09875003,0.2591363489627838,0.0005,10728
311,35,1140,10958,9.93,0.05,9.0029167,0.072592504,0.0005,10757
313,35,1144,10998,9.89,0.05,8.946250029999998,0.019133072,0.0005,10797
314,35,1148,11041,9.88,0.05,8.96375002,0.248462975,0.0005,10840
315,35,1152,11077,9.92,0.05,9.011666680000001,0.22609594464302063,0.0005,10876
316,35,1156,11109,9.88,0.05,9.003750000000002,0.030036060139536858,0.0005,10908
317,35,1160,11141,9.8,0.05,8.9225,0.10341194272041321,0.0005,10940
318,35,1164,11179,9.74,0.05,8.88541667,0.021784530952572823,0.0005,10978
319,35,1168,11216,9.67,0.05,8.814166669999999,0.17473870515823364,0.0005,11015
320,35,1172,11251,9.71,0.05,8.845416660000001,0.2639547288417816,0.0005,11050
321,35,1176,11286,9.62,0.05,8.74958334,0.038325056,0.0005,11085
322,35,1180,11330,9.62,0.05,8.7375,0.10716371983289719,0.0005,11129
323,35,1184,11372,9.69,0.05,8.80541667,0.10734056681394577,0.0005,11171
324,35,1188,11408,9.66,0.05,8.77500001,0.045703456,0.0005,11207
326,35,1192,11449,9.63,0.05,8.747500019999999,0.013204162009060383,0.0005,11248
327,35,1196,11484,9.54,0.05,8.644166689999999,0.008622369,0.0005,11283
328,35,1200,11528,9.62,0.05,8.73708335,0.14279495179653168,0.0005,11327
329,35,1204,11572,9.68,0.05,8.81791668,0.013033310882747173,0.0005,11371
330,35,1208,11610,9.65,0.05,8.809583340000001,0.2388402223587036,0.0005,11409
331,35,1212,11642,9.57,0.05,8.737916680000001,0.21506334841251373,0.0005,11441
332,35,1216,11686,9.62,0.05,8.820833350000001,0.016345852985978127,0.0005,11485
333,35,1220,11709,9.5,0.05,8.69541667,0.015465264208614826,0.0005,11508
334,35,1224,11742,9.39,0.05,8.562916670000002,0.2384488880634308,0.0005,11541
335,35,1228,11786,9.39,0.05,8.56166666,0.14081734418869019,0.0005,11585
337,35,1232,11830,9.45,0.05,8.640416660000001,0.13357578217983246,0.0005,11629
338,35,1236,11870,9.41,0.05,8.594166659999999,0.056504652,0.0005,11669
339,35,1240,11902,9.44,0.05,8.633749990000002,0.3054690659046173,0.0005,11701
340,35,1244,11941,9.43,0.05,8.647916649999999,0.035831492,0.0005,11740
341,35,1248,11985,9.44,0.05,8.67374999,0.009815653,0.0005,11784
342,35,1252,12029,9.52,0.05,8.77499999,0.2949237823486328,0.0005,11828
343,35,1256,12065,9.56,0.05,8.81916667,0.020680492743849754,0.0005,11864
345,35,1260,12109,9.68,0.05,8.94,0.010984743945300579,0.0005,11908
346,35,1264,12145,9.66,0.05,8.90541667,0.021312184631824493,0.0005,11944
347,35,1268,12189,9.73,0.05,8.97583333,0.1284470558166504,0.0005,11988
348,35,1272,12227,9.76,0.05,9.00750001,0.24431546032428741,0.0005,12026
349,35,1276,12268,9.82,0.05,9.08208333,0.059174731373786926,0.0005,12067
350,35,1280,12306,9.76,0.05,9.013333339999999,0.27211782336235046,0.0005,12105
351,35,1284,12350,9.78,0.05,9.05375,0.077014089,0.0005,12149
353,35,1288,12390,9.82,0.05,9.098749990000002,0.11466869711875916,0.0005,12189
353,35,1292,12423,9.74,0.05,9.023333319999999,0.12808872759342194,0.0005,12222
355,35,1296,12467,9.83,0.05,9.133749989999998,0.042528134,0.0005,12266
356,35,1300,12510,9.82,0.05,9.11833332,0.029676678,0.0005,12309
357,35,1304,12543,9.71,0.05,8.99208331,0.03368903,0.0005,12342
358,35,1308,12581,9.71,0.05,9.00041665,0.15337468683719635,0.0005,12380
359,35,1312,12625,9.83,0.05,9.11208332,0.17326658964157104,0.0005,12424
360,35,1316,12663,9.77,0.05,9.037083319999999,0.010765669867396355,0.0005,12462
362,35,1320,12707,9.98,0.05,9.23499999,0.029028629884123802,0.0005,12506
363,35,1324,12751,10.09,0.05,9.35375,0.15450219810009003,0.0005,12550
364,35,1328,12790,10.04,0.05,9.29708334,0.24153321981430054,0.0005,12589
365,35,1332,12834,10.04,0.05,9.28541668,0.095841616,0.0005,12633
366,35,1336,12870,10,0.05,9.244166680000001,0.17235836386680603,0.0005,12669
367,35,1340,12912,10.1,0.05,9.34833336,0.078834206,0.0005,12711
368,35,1344,12954,10.13,0.05,9.36458337,0.028043167665600777,0.0005,12753
369,35,1348,12982,9.97,0.05,9.16708337,0.13369813561439514,0.0005,12781
370,35,1352,13020,9.91,0.05,9.09875004,0.010121055878698826,0.0005,12819
371,35,1356,13064,9.99,0.05,9.172916709999999,0.18475234508514404,0.0005,12863
373,35,1360,13101,9.92,0.05,9.103333379999999,0.12315720319747925,0.0005,12900
374,35,1364,13141,9.96,0.05,9.14833339,0.2474605143070221,0.0005,12940
375,35,1368,13183,9.94,0.05,9.111250050000002,0.021393142640590668,0.0005,12982
376,35,1372,13227,10,0.05,9.162500040000001,0.022416703402996063,0.0005,13026
377,35,1376,13265,9.97,0.05,9.11916671,0.25084158778190613,0.0005,13064
378,35,1380,13308,10.02,0.05,9.18041671,0.15994983911514282,0.0005,13107
380,35,1384,13348,9.98,0.05,9.128750040000002,0.028676277,0.0005,13147
381,35,1388,13392,10.02,0.05,9.15375004,0.045300871,0.0005,13191
382,35,1392,13432,10.09,0.05,9.23625003,0.18177931010723114,0.0005,13231
383,35,1396,13476,10.09,0.05,9.22125003,0.23804432153701782,0.0005,13275
385,35,1400,13519,10.09,0.05,9.235416690000001,0.11393783986568451,0.0005,13318
385,35,1404,13552,10.09,0.05,9.235000020000003,0.23353546857833862,0.0005,13351
387,35,1408,13596,10.15,0.05,9.29833335,0.2543624937534332,0.0005,13395
388,35,1412,13629,10.04,0.05,9.20291667,0.019579805433750153,0.0005,13428
389,35,1416,13660,9.97,0.05,9.136666660000001,0.15307748317718506,0.0005,13459
390,35,1420,13704,9.97,0.05,9.159583329999998,0.13376624882221222,0.0005,13503
391,35,1424,13746,9.95,0.05,9.139583329999999,0.007161199,0.0005,13545
392,35,1428,13790,10,0.05,9.18666666,0.2854936122894287,0.0005,13589
393,35,1432,13831,9.97,0.05,9.150416659999998,0.12265145778656006,0.0005,13630
394,35,1436,13867,9.97,0.05,9.13708333,0.015880433842539787,0.0005,13666
396,35,1440,13911,9.99,0.05,9.16458333,0.011849003843963146,0.0005,13710
397,35,1444,13947,9.93,0.05,9.11166665,0.13055482506752014,0.0005,13746
398,35,1448,13991,10.09,0.05,9.29249998,0.058918502,0.0005,13790
399,35,1452,14035,10.15,0.05,9.34416665,0.14114464819431305,0.0005,13834
400,35,1456,14079,10.15,0.05,9.31874997,0.060834657,0.0005,13878
401,35,1460,14115,10.14,0.05,9.298749979999998,0.036127381,0.0005,13914
402,35,1464,14150,10.09,0.05,9.23999996,0.10049765557050705,0.0005,13949
404,35,1468,14194,10.11,0.05,9.26499997,0.093161196,0.0005,13993
405,35,1472,14238,10.11,0.05,9.28166665,0.18108338117599487,0.0005,14037
406,35,1476,14266,10.01,0.05,9.189166649999999,0.037934087216854095,0.0005,14065
407,35,1480,14305,9.97,0.05,9.129583310000001,0.030788988,0.0005,14104
408,35,1484,14344,9.96,0.05,9.12916665,0.13845428824424744,0.0005,14143
409,35,1488,14383,9.91,0.05,9.088749989999998,0.1156521737575531,0.0005,14182
410,35,1492,14415,9.83,0.05,8.99916666,0.009822949,0.0005,14214
411,35,1496,14452,9.76,0.05,8.909583320000001,0.02502892,0.0005,14251
412,35,1500,14489,9.7,0.05,8.821666669999999,0.14589472115039825,0.0005,14288
413,35,1504,14525,9.73,0.05,8.855833340000002,0.030379347503185272,0.0005,14324
414,35,1508,14569,9.73,0.05,8.83708333,0.016725821420550346,0.0005,14368
416,35,1512,14603,9.74,0.05,8.845416669999999,0.1504385620355606,0.0005,14402
417,35,1516,14636,9.76,0.05,8.85666668,0.019353145733475685,0.0005,14435
418,35,1520,14677,9.73,0.05,8.816666679999999,0.022838285192847252,0.0005,14476
419,35,1524,14713,9.67,0.05,8.755000009999998,0.017228918,0.0005,14512
420,35,1528,14751,9.61,0.05,8.67166667,0.038691103,0.0005,14550
421,35,1532,14795,9.64,0.05,8.725000009999999,0.13066795468330383,0.0005,14594
422,35,1536,14824,9.57,0.05,8.65916667,0.017377104610204697,0.0005,14623
423,35,1540,14866,9.55,0.05,8.62374999,0.15013106167316437,0.0005,14665
425,35,1544,14907,9.6,0.05,8.67458333,0.028780159,0.0005,14706
426,35,1548,14944,9.53,0.05,8.597916660000001,0.08641436,0.0005,14743
427,35,1552,14981,9.46,0.05,8.51666665,0.3271111249923706,0.0005,14780
428,35,1556,15016,9.37,0.05,8.44458332,0.040532708168029785,0.0005,14815
429,35,1560,15060,9.45,0.05,8.541666639999999,0.1233939677476883,0.0005,14859
430,35,1564,15097,9.47,0.05,8.56583331,0.009974314,0.0005,14896
431,35,1568,15138,9.44,0.05,8.543333300000002,0.008432006,0.0005,14937
433,35,1572,15178,9.4,0.05,8.501666629999999,0.1288912296295166,0.0005,14977
434,35,1576,15222,9.56,0.05,8.64166663,0.12766799330711365,0.0005,15021
435,35,1580,15266,9.61,0.05,8.71583329,0.070666954,0.0005,15065
436,35,1584,15296,9.52,0.05,8.60541663,0.2415989488363266,0.0005,15095
437,35,1588,15324,9.41,0.05,8.48624996,0.062333021,0.0005,15123
438,35,1592,15368,9.53,0.05,8.61041663,0.013999413698911667,0.0005,15167
439,35,1596,15408,9.56,0.05,8.65916664,0.078748591,0.0005,15207
440,35,1600,15448,9.59,0.05,8.707916630000001,0.014947826974093914,0.0005,15247
441,35,1604,15487,9.62,0.05,8.73124997,0.15559780597686768,0.0005,15286
442,35,1608,15521,9.52,0.05,8.640416649999999,0.015246356837451458,0.0005,15320
443,35,1612,15560,9.57,0.05,8.689166640000002,0.21647657454013824,0.0005,15359
445,35,1616,15604,9.68,0.05,8.806666640000001,0.012792196124792099,0.0005,15403
446,35,1620,15635,9.58,0.05,8.6958333,0.23789186775684357,0.0005,15434
447,35,1624,15673,9.6,0.05,8.72166663,0.18508990108966827,0.0005,15472
448,35,1628,15717,9.66,0.05,8.7920833,0.013199509121477604,0.0005,15516
449,35,1632,15755,9.6,0.05,8.70999996,0.068437301,0.0005,15554
450,35,1636,15787,9.63,0.05,8.746666639999999,0.071212679,0.0005,15586
451,35,1640,15831,9.65,0.05,8.76958331,0.010406654328107834,0.0005,15630
452,35,1644,15871,9.64,0.05,8.76416665,0.025073133409023285,0.0005,15670
453,35,1648,15914,9.7,0.05,8.832083329999998,0.12408655881881714,0.0005,15713
455,35,1652,15950,9.69,0.05,8.83000001,0.044599254,0.0005,15749
456,35,1656,15987,9.71,0.05,8.84458336,0.021929433569312096,0.0005,15786
457,35,1660,16028,9.68,0.05,8.7804167,0.01871331,0.0005,15827
458,35,1664,16070,9.73,0.05,8.82708338,0.015328871086239815,0.0005,15869
459,35,1668,16114,9.76,0.05,8.87083338,0.11984480172395706,0.0005,15913
460,35,1672,16158,9.8,0.05,8.91291671,0.1964801400899887,0.0005,15957
462,35,1676,16202,9.8,0.05,8.92541671,0.15092307329177856,0.0005,16001
463,35,1680,16246,9.8,0.05,8.929166720000001,0.058270436,0.0005,16045
464,35,1684,16290,9.94,0.05,9.08416671,0.26769840717315674,0.0005,16089
465,35,1688,16326,10.02,0.05,9.16458337,0.031446535140275955,0.0005,16125
466,35,1692,16370,10.02,0.05,9.171666700000001,0.035053756,0.0005,16169
467,35,1696,16408,10,0.05,9.153333369999999,0.11442043632268906,0.0005,16207
469,35,1700,16446,9.98,0.05,9.124583379999999,0.20724767446517944,0.0005,16245
470,35,1704,16490,10.03,0.05,9.181666719999999,0.13621924817562103,0.0005,16289
471,35,1708,16534,10.13,0.05,9.283333390000001,0.007726152,0.0005,16333
472,35,1712,16573,10.13,0.05,9.270000070000002,0.031489089131355286,0.0005,16372
473,35,1716,16613,10.09,0.05,9.21166674,0.010147555,0.0005,16412
475,35,1720,16656,10.21,0.05,9.34125008,0.022635750472545624,0.0005,16455
476,35,1724,16700,10.27,0.05,9.38916675,0.013714056462049484,0.0005,16499
477,35,1728,16744,10.27,0.05,9.40458341,0.016422845423221588,0.0005,16543
478,35,1732,16788,10.33,0.05,9.48583341,0.11285565793514252,0.0005,16587
479,35,1736,16824,10.37,0.05,9.5233334,0.12972445785999298,0.0005,16623
480,35,1740,16862,10.31,0.05,9.45666674,0.20389887690544128,0.0005,16661
482,35,1744,16902,10.31,0.05,9.45375006,0.1438857913017273,0.0005,16701
482,35,1748,16929,10.15,0.05,9.275416719999999,0.1495206207036972,0.0005,16728
483,35,1752,16973,10.23,0.05,9.377500049999998,0.013368479,0.0005,16772
485,35,1756,17015,10.28,0.05,9.42500004,0.021359000355005264,0.0005,16814
486,35,1760,17055,10.27,0.05,9.435416700000001,0.015014586970210075,0.0005,16854
487,35,1764,17099,10.29,0.05,9.45541669,0.010429964400827885,0.0005,16898
488,35,1768,17143,10.29,0.05,9.453750030000002,0.008563024,0.0005,16942
490,35,1772,17187,10.29,0.05,9.43958336,0.014839638024568558,0.0005,16986
491,35,1776,17231,10.29,0.05,9.45041669,0.12953521311283112,0.0005,17030
492,35,1780,17275,10.29,0.05,9.42333336,0.127060205,0.0005,17074
493,35,1784,17319,10.29,0.05,9.44083337,0.021342508494853973,0.0005,17118
494,35,1788,17360,10.34,0.05,9.492083379999999,0.069207646,0.0005,17159
496,35,1792,17404,10.34,0.05,9.48125004,0.019784275,0.0005,17203
497,35,1796,17445,10.37,0.05,9.49208337,0.12886293232440948,0.0005,17244
498,35,1800,17485,10.39,0.05,9.505000039999999,0.008549485,0.0005,17284
499,35,1804,17529,10.39,0.05,9.5104167,0.13159139454364777,0.0005,17328
500,35,1808,17573,10.39,0.05,9.522916690000002,0.11731072515249252,0.0005,17372
502,35,1812,17610,10.37,0.05,9.50958335,0.010413791984319687,0.0005,17409
503,35,1816,17654,10.41,0.05,9.574583350000001,0.10430193692445755,0.0005,17453
504,35,1820,17698,10.42,0.05,9.58083335,0.17956462502479553,0.0005,17497
505,35,1824,17742,10.42,0.05,9.57708336,0.023330009,0.0005,17541
506,35,1828,17774,10.3,0.05,9.449166700000001,0.1753506064414978,0.0005,17573
507,35,1832,17818,10.3,0.05,9.449166690000002,0.016430739,0.0005,17617
509,35,1836,17858,10.34,0.05,9.49041669,0.005013835,0.0005,17657
510,35,1840,17902,10.4,0.05,9.55541668,0.13572905957698822,0.0005,17701
511,35,1844,17937,10.35,0.05,9.48666669,0.11775217950344086,0.0005,17736
512,35,1848,17981,10.52,0.05,9.674166699999999,0.008678311,0.0005,17780
513,35,1852,18022,10.49,0.05,9.623750030000002,0.11079248785972595,0.0005,17821
514,35,1856,18066,10.51,0.05,9.64833337,0.038761802,0.0005,17865
516,35,1860,18110,10.55,0.05,9.69833337,0.16593246161937714,0.0005,17909
517,35,1864,18154,10.55,0.05,9.6979167,0.036827348,0.0005,17953
518,35,1868,18191,10.48,0.05,9.6204167,0.022568363696336746,0.0005,17990
519,35,1872,18233,10.46,0.05,9.59833338,0.057879213243722916,0.0005,18032
520,35,1876,18276,10.45,0.05,9.583750059999998,0.16847918927669525,0.0005,18075
522,35,1880,18320,10.45,0.05,9.609583390000001,0.014446184039115906,0.0005,18119
523,35,1884,18356,10.37,0.05,9.51375005,0.013483059592545033,0.0005,18155
524,35,1888,18399,10.39,0.05,9.529583389999999,0.014831107,0.0005,18198
525,35,1892,18440,10.36,0.05,9.495416729999999,0.022877306,0.0005,18239
526,35,1896,18484,10.39,0.05,9.53250006,0.12839913368225098,0.0005,18283
527,35,1900,18522,10.37,0.05,9.52541672,0.024242807179689407,0.0005,18321
529,35,1904,18566,10.37,0.05,9.53125006,0.025624379515647888,0.0005,18365
530,35,1908,18605,10.32,0.05,9.46041673,0.0277764,0.0005,18404
531,35,1912,18644,10.34,0.05,9.493333400000001,0.028062839061021805,0.0005,18443
532,35,1916,18688,10.34,0.05,9.497916720000001,0.073375247,0.0005,18487
533,35,1920,18718,10.2,0.05,9.360000059999999,0.15303510427474976,0.0005,18517
534,35,1924,18762,10.2,0.05,9.376666720000001,0.020034274086356163,0.0005,18561
535,35,1928,18806,10.32,0.05,9.50791672,0.014192617498338223,0.0005,18605
537,35,1932,18845,10.27,0.05,9.44875006,0.025687134,0.0005,18644
538,35,1936,18889,10.31,0.05,9.4833334,0.011534918,0.0005,18688
539,35,1940,18933,10.31,0.05,9.495000070000001,0.13042384386062622,0.0005,18732
540,35,1944,18969,10.32,0.05,9.52916674,0.2308974415063858,0.0005,18768
541,35,1948,19013,10.32,0.05,9.5370834,0.010829313658177853,0.0005,18812
543,35,1952,19057,10.35,0.05,9.569166730000001,0.2556319236755371,0.0005,18856
544,35,1956,19101,10.35,0.05,9.59333338,0.042675447,0.0005,18900
545,35,1960,19145,10.35,0.05,9.58541671,0.15216118097305298,0.0005,18944
546,35,1964,19189,10.35,0.05,9.59875005,0.18310046195983887,0.0005,18988
547,35,1968,19231,10.4,0.05,9.64041673,0.2536414563655853,0.0005,19030
549,35,1972,19268,10.35,0.05,9.58791673,0.13962174952030182,0.0005,19067
550,35,1976,19312,10.36,0.05,9.595416720000001,0.12756720185279846,0.0005,19111
551,35,1980,19349,10.29,0.05,9.50791672,0.13548026978969574,0.0005,19148
552,35,1984,19389,10.33,0.05,9.54125006,0.12227192521095276,0.0005,19188
553,35,1988,19429,10.3,0.05,9.515833380000002,0.1537729799747467,0.0005,19228
554,35,1992,19468,10.28,0.05,9.493333370000002,0.15169648826122284,0.0005,19267
555,35,1996,19509,10.25,0.05,9.45458337,0.079751022,0.0005,19308
557,35,2000,19551,10.29,0.05,9.48750004,0.059876207,0.0005,19350
558,35,2004,19587,10.21,0.05,9.397500030000002,0.009185147,0.0005,19386
559,35,2008,19631,10.26,0.05,9.46458337,0.015403194352984428,0.0005,19430
560,35,2012,19675,10.31,0.05,9.511666700000001,0.33050280809402466,0.0005,19474
561,35,2016,19714,10.26,0.05,9.45208338,0.019676521,0.0005,19513
562,35,2020,19756,10.38,0.05,9.57375004,0.008747226,0.0005,19555
564,35,2024,19800,10.38,0.05,9.578750030000002,0.13514336943626404,0.0005,19599
565,35,2028,19837,10.31,0.05,9.515416700000001,0.15792644023895264,0.0005,19636
566,35,2032,19876,10.31,0.05,9.518750030000001,0.003048959,0.0005,19675
567,35,2036,19920,10.31,0.05,9.54791669,0.006442735,0.0005,19719
568,35,2040,19954,10.21,0.05,9.432500029999998,0.11473320424556732,0.0005,19753
569,35,2044,19998,10.29,0.05,9.51083335,0.22524553537368774,0.0005,19797
